<?xml version="1.0" encoding="UTF-8"?>
<project-private xmlns="http://www.netbeans.org/ns/project-private/1">
    <editor-bookmarks xmlns="http://www.netbeans.org/ns/editor-bookmarks/2" lastBookmarkId="0"/>
    <open-files xmlns="http://www.netbeans.org/ns/projectui-open-files/2">
        <group>
            <file>file:/C:/Users/Profesor/Documents/NetBeansProjects/Clase2703/src/clase2703/Persona.java</file>
            <file>file:/C:/Users/Profesor/Documents/NetBeansProjects/Clase2703/src/clase2703/EjerciciosArrayList.java</file>
            <file>file:/C:/Users/Profesor/Documents/NetBeansProjects/Clase2703/src/clase2703/Clase2703.java</file>
            <file>file:/C:/Users/Profesor/Documents/NetBeansProjects/Clase2703/src/clase2703/Binarios.java</file>
        </group>
    </open-files>
</project-private>
